,Usuario,Texto,Dispositivo,Fecha Creacion,Ubicacion
0,MarthaPerezDiva #M√©xicodeluto,RT @911Sonora: Nuestras mascotas tambi√©n merecen una vida digna. Si sabes de alg√∫n animalito que sufra alg√∫n tipo de maltrato denuncia al 9‚Ä¶,Twitter for Android,2020-02-23 21:43:12,GUAYMAS SONORA
1,Fabi√°n,RT @911Sonora: Nuestras mascotas tambi√©n merecen una vida digna. Si sabes de alg√∫n animalito que sufra alg√∫n tipo de maltrato denuncia al 9‚Ä¶,Twitter for Android,2020-02-23 21:19:30,
2,Cassandra Lopez,RT @911Sonora: Nuestras mascotas tambi√©n merecen una vida digna. Si sabes de alg√∫n animalito que sufra alg√∫n tipo de maltrato denuncia al 9‚Ä¶,Twitter for iPhone,2020-02-23 21:13:42,
3,V…™ÃÅ·¥Ñ·¥õ·¥è Ä C·¥ú·¥á·¥†·¥Äs,RT @911Sonora: Nuestras mascotas tambi√©n merecen una vida digna. Si sabes de alg√∫n animalito que sufra alg√∫n tipo de maltrato denuncia al 9‚Ä¶,Twitter Web App,2020-02-23 21:12:51,"Hermosillo, Sonora"
4,David Anaya Cooley,RT @911Sonora: Nuestras mascotas tambi√©n merecen una vida digna. Si sabes de alg√∫n animalito que sufra alg√∫n tipo de maltrato denuncia al 9‚Ä¶,Twitter for iPhone,2020-02-23 21:08:04,
5,Guadalupe valenzuela,RT @911Sonora: Nuestras mascotas tambi√©n merecen una vida digna. Si sabes de alg√∫n animalito que sufra alg√∫n tipo de maltrato denuncia al 9‚Ä¶,Twitter for iPhone,2020-02-23 21:05:32,"Navojoa, Sonora"
6,911Sonora,Nuestras mascotas tambi√©n merecen una vida digna. Si sabes de alg√∫n animalito que sufra alg√∫n tipo de maltrato denu‚Ä¶ https://t.co/LpI01iqkAn,Twitter for iPhone,2020-02-23 21:03:49,Estado de Sonora
7,MarisolEF,RT @CHVNoticias: Declaran admisible querella contra tienda de mascotas en Quilpu√© por maltrato animal y contrabando de especies ex√≥ticas  h‚Ä¶,Twitter for Android,2020-02-23 19:35:22,
8,WAPA,"Joaquin Phoenix, el protector de los animales: rescata a una vaca y su cr√≠a del matadero. https://t.co/4udEFnPZvL https://t.co/LogxzGi1ZK",TweetDeck,2020-02-23 19:00:00,Lima - Per√∫
9,Nadia Rivas,RT @CHVNoticias: Declaran admisible querella contra tienda de mascotas en Quilpu√© por maltrato animal y contrabando de especies ex√≥ticas  h‚Ä¶,Twitter for iPhone,2020-02-23 18:51:31,
10,Ivette Arellano üßòüèº‚Äç‚ôÄÔ∏è,Me recomendaron a un ayudante de veterinario que se dedica a ba√±ar mascotas a domicilio. No saben lo lindo que trat‚Ä¶ https://t.co/ip0V65TM2T,Twitter for iPhone,2020-02-23 16:59:57,
11,KAOS üåû,RT @CHVNoticias: Declaran admisible querella contra tienda de mascotas en Quilpu√© por maltrato animal y contrabando de especies ex√≥ticas  h‚Ä¶,Twitter for Android,2020-02-23 16:32:32,"Buenos Aires, Argentina"
12,Norma Rodr√≠guez,RT @CHVNoticias: Declaran admisible querella contra tienda de mascotas en Quilpu√© por maltrato animal y contrabando de especies ex√≥ticas  h‚Ä¶,Twitter for iPhone,2020-02-23 15:01:41,Santiago
13,celya,RT @CHVNoticias: Declaran admisible querella contra tienda de mascotas en Quilpu√© por maltrato animal y contrabando de especies ex√≥ticas  h‚Ä¶,Twitter for Android,2020-02-23 14:57:20,
14,üá®üá±‚ôå ùêΩùëéùë£ùëñùëíùëü,RT @thecliniccl: [Planeta] Denuncian a tienda de mascotas por maltrato animal y contrabando de especies ex√≥ticas en Quilpu√©: Un ajolote fue‚Ä¶,Twitter for Android,2020-02-23 14:56:00,
15,Ximena Lazcano Fern,RT @CHVNoticias: Declaran admisible querella contra tienda de mascotas en Quilpu√© por maltrato animal y contrabando de especies ex√≥ticas  h‚Ä¶,Twitter for Android,2020-02-23 14:54:28,
16,Radio La Chimba üéô,RT @CHVNoticias: Declaran admisible querella contra tienda de mascotas en Quilpu√© por maltrato animal y contrabando de especies ex√≥ticas  h‚Ä¶,Twitter for iPhone,2020-02-23 14:35:51,
17,Radio La Chimba üéô,RT @thecliniccl: [Planeta] Denuncian a tienda de mascotas por maltrato animal y contrabando de especies ex√≥ticas en Quilpu√©: Un ajolote fue‚Ä¶,Twitter for iPhone,2020-02-23 14:34:13,
18,Pau #RechazoNuevaConstitucionüá®üá±,RT @CHVNoticias: Declaran admisible querella contra tienda de mascotas en Quilpu√© por maltrato animal y contrabando de especies ex√≥ticas  h‚Ä¶,Twitter for Android,2020-02-23 14:28:48,"Santiago, Metropolitana de San"
19,luis cerda,RT @CHVNoticias: Declaran admisible querella contra tienda de mascotas en Quilpu√© por maltrato animal y contrabando de especies ex√≥ticas  h‚Ä¶,Twitter for Android,2020-02-23 14:28:27,
20,Oscarelo A.,RT @thecliniccl: [Planeta] Denuncian a tienda de mascotas por maltrato animal y contrabando de especies ex√≥ticas en Quilpu√©: Un ajolote fue‚Ä¶,Twitter for Android,2020-02-23 14:27:43,"Las Condes, Chile."
21,Su,RT @CHVNoticias: Declaran admisible querella contra tienda de mascotas en Quilpu√© por maltrato animal y contrabando de especies ex√≥ticas  h‚Ä¶,Twitter for Android,2020-02-23 14:27:13,
22,Gonzalo Saldes Setien,RT @CHVNoticias: Declaran admisible querella contra tienda de mascotas en Quilpu√© por maltrato animal y contrabando de especies ex√≥ticas  h‚Ä¶,Twitter for Android,2020-02-23 14:24:58,"Vi√±a del Mar, Chile"
23,CHV Noticias,Declaran admisible querella contra tienda de mascotas en Quilpu√© por maltrato animal y contrabando de especies ex√≥t‚Ä¶ https://t.co/8QvlODiPnE,TweetDeck,2020-02-23 14:23:07,"Santiago, Chile"
24,Patricia,RT @thecliniccl: [Planeta] Denuncian a tienda de mascotas por maltrato animal y contrabando de especies ex√≥ticas en Quilpu√©: Un ajolote fue‚Ä¶,Twitter for iPhone,2020-02-23 14:19:34,
25,Valentina,RT @thecliniccl: [Planeta] Denuncian a tienda de mascotas por maltrato animal y contrabando de especies ex√≥ticas en Quilpu√©: Un ajolote fue‚Ä¶,Twitter Web App,2020-02-23 14:10:58,Chile
26,gustaosorismith,RT @thecliniccl: [Planeta] Denuncian a tienda de mascotas por maltrato animal y contrabando de especies ex√≥ticas en Quilpu√©: Un ajolote fue‚Ä¶,Twitter for iPhone,2020-02-23 13:59:09,"Valpara√≠so, Chile"
27,Mar√≠a Jos√© RA,RT @thecliniccl: [Planeta] Denuncian a tienda de mascotas por maltrato animal y contrabando de especies ex√≥ticas en Quilpu√©: Un ajolote fue‚Ä¶,Twitter for Android,2020-02-23 13:51:36,"Concepci√≥n, B√≠o-B√≠o"
28,Lu Bakstor üñ§,RT @thecliniccl: [Planeta] Denuncian a tienda de mascotas por maltrato animal y contrabando de especies ex√≥ticas en Quilpu√©: Un ajolote fue‚Ä¶,Twitter for Android,2020-02-23 13:41:05,
29,M@RC3LO,RT @thecliniccl: [Planeta] Denuncian a tienda de mascotas por maltrato animal y contrabando de especies ex√≥ticas en Quilpu√©: Un ajolote fue‚Ä¶,Twitter for iPad,2020-02-23 13:38:03,"Arauco, Chile"
30,Elena,RT @thecliniccl: [Planeta] Denuncian a tienda de mascotas por maltrato animal y contrabando de especies ex√≥ticas en Quilpu√©: Un ajolote fue‚Ä¶,Twitter for Android,2020-02-23 13:35:59,
31,Ineche,RT @thecliniccl: [Planeta] Denuncian a tienda de mascotas por maltrato animal y contrabando de especies ex√≥ticas en Quilpu√©: Un ajolote fue‚Ä¶,Twitter for Android,2020-02-23 13:35:52,Á¶èÂ≤° Á¶èÂ≤°Â∏Ç ‰∏≠Â§ÆÂå∫
32,Mar√≠a Luisa Letelier,RT @thecliniccl: [Planeta] Denuncian a tienda de mascotas por maltrato animal y contrabando de especies ex√≥ticas en Quilpu√©: Un ajolote fue‚Ä¶,Twitter for Android,2020-02-23 13:29:39,
33,J A V I E R P A R E D E S M √Å U R EL,RT @thecliniccl: [Planeta] Denuncian a tienda de mascotas por maltrato animal y contrabando de especies ex√≥ticas en Quilpu√©: Un ajolote fue‚Ä¶,Twitter for Android,2020-02-23 13:29:20,
34,claudio arrepol,RT @thecliniccl: [Planeta] Denuncian a tienda de mascotas por maltrato animal y contrabando de especies ex√≥ticas en Quilpu√©: Un ajolote fue‚Ä¶,Twitter for iPhone,2020-02-23 13:26:02,"Barros Arana N¬∞ 645, piso 7¬∞"
35,Pipe,RT @thecliniccl: [Planeta] Denuncian a tienda de mascotas por maltrato animal y contrabando de especies ex√≥ticas en Quilpu√©: Un ajolote fue‚Ä¶,Twitter for Android,2020-02-23 13:24:53,
36,Pau ~ lita ‚òÜ,RT @thecliniccl: [Planeta] Denuncian a tienda de mascotas por maltrato animal y contrabando de especies ex√≥ticas en Quilpu√©: Un ajolote fue‚Ä¶,Twitter for Android,2020-02-23 13:24:01,Narnia
37,Ana Mar√≠a Llant√©n,RT @thecliniccl: [Planeta] Denuncian a tienda de mascotas por maltrato animal y contrabando de especies ex√≥ticas en Quilpu√©: Un ajolote fue‚Ä¶,Twitter for Android,2020-02-23 13:23:09,
38,SitaToc #YoApruebo,RT @thecliniccl: [Planeta] Denuncian a tienda de mascotas por maltrato animal y contrabando de especies ex√≥ticas en Quilpu√©: Un ajolote fue‚Ä¶,Twitter Web App,2020-02-23 13:20:58,Chile
39,Su Santa Realezaüëë,RT @thecliniccl: [Planeta] Denuncian a tienda de mascotas por maltrato animal y contrabando de especies ex√≥ticas en Quilpu√©: Un ajolote fue‚Ä¶,Twitter for Android,2020-02-23 13:20:56,"Santiago, Chile"
40,esebastias,RT @thecliniccl: [Planeta] Denuncian a tienda de mascotas por maltrato animal y contrabando de especies ex√≥ticas en Quilpu√©: Un ajolote fue‚Ä¶,Twitter for Android,2020-02-23 13:20:44,"Solor, San Pedro de Atacama. "
41,The Clinic,[Planeta] Denuncian a tienda de mascotas por maltrato animal y contrabando de especies ex√≥ticas en Quilpu√©: Un ajol‚Ä¶ https://t.co/0DFnrcIu2s,Hootsuite Inc.,2020-02-23 13:20:03,Chile
42,Laura Henao,RT @Ondas1470: Jornada de adopci√≥n de mascotas se realizar√° este domingo en Ibagu√©. Este evento tendr√° lugar en el Centro Comercial Acqua q‚Ä¶,Twitter for Android,2020-02-23 12:51:14,"Ibagu√©, Colombia"
43,Katy laniado,"RT @ivetteodalys: ü•∫ü•∫ü•∫ü•∫ü•∫ü•∫üëáüèΩüëáüèΩüëáüèΩüëáüèΩ‚ÄºÔ∏è
El ‚Äúser humano‚Äù hace estas cosas! 
ALTO AL MALTRATO ANIMAL 
No a la compra de mascotas
ADOPTAR ES LA MEJ‚Ä¶",Twitter for iPad,2020-02-23 01:31:00,Boquete
44,Miguel Patch,@ximee_hm Creo que en este caso me exceptu√≥ jaja obviamente lo voy a conservar y estoy muy consiente y en total des‚Ä¶ https://t.co/cmVDhBYuyv,Twitter for iPhone,2020-02-23 00:53:43,M√©xico
45,Ivette Berrio,"ü•∫ü•∫ü•∫ü•∫ü•∫ü•∫üëáüèΩüëáüèΩüëáüèΩüëáüèΩ‚ÄºÔ∏è
El ‚Äúser humano‚Äù hace estas cosas! 
ALTO AL MALTRATO ANIMAL 
No a la compra de mascotas
ADOPTAR ES‚Ä¶ https://t.co/yZWs9NzryK",Twitter for iPhone,2020-02-22 22:24:59,"Panam√°, Rep√∫blica de Panam√°"
46,Pamela Astudillo,RT @GATITOSCHILENOS: #PlazaDeLaDignidad Ay√∫denme a que la justicia aplique la ley contra el maltrato animal A TODA PERSONA QUE VIVA EN CHIL‚Ä¶,Twitter for iPhone,2020-02-22 22:18:32,
47,Gom,RT @GATITOSCHILENOS: #PlazaDeLaDignidad Ay√∫denme a que la justicia aplique la ley contra el maltrato animal A TODA PERSONA QUE VIVA EN CHIL‚Ä¶,Twitter for Android,2020-02-22 22:18:06,
48,WAPA,¬øSab√≠as que el pangol√≠n podr√≠a extinguirse incluso antes de llegar a ser conocido? https://t.co/OBMemL6Aia https://t.co/tvgDnim2S2,TweetDeck,2020-02-22 22:00:00,Lima - Per√∫
49,Claudia Rochefort,RT @GATITOSCHILENOS: #PlazaDeLaDignidad Ay√∫denme a que la justicia aplique la ley contra el maltrato animal A TODA PERSONA QUE VIVA EN CHIL‚Ä¶,Twitter Web App,2020-02-22 21:54:02,"Requinoa, Chile"
50,Ximena A.G,RT @GATITOSCHILENOS: #PlazaDeLaDignidad Ay√∫denme a que la justicia aplique la ley contra el maltrato animal A TODA PERSONA QUE VIVA EN CHIL‚Ä¶,Twitter for Android,2020-02-22 21:15:54,Chile
51,dudemb,@eugenia77742791 @RommyStock @Erwinfotografo Yaa pruebas de que los frien vivos ?? Tengo muchas mascotas y tengo an‚Ä¶ https://t.co/2cYkwMiSVO,Twitter for iPhone,2020-02-22 21:06:14,Araucania
52,paul dassori a,RT @GATITOSCHILENOS: #PlazaDeLaDignidad Ay√∫denme a que la justicia aplique la ley contra el maltrato animal A TODA PERSONA QUE VIVA EN CHIL‚Ä¶,Twitter Web App,2020-02-22 20:44:42,
53,Lfante,RT @GATITOSCHILENOS: #PlazaDeLaDignidad Ay√∫denme a que la justicia aplique la ley contra el maltrato animal A TODA PERSONA QUE VIVA EN CHIL‚Ä¶,Twitter for Android,2020-02-22 20:14:03,"Santiago, Chile."
54,Beatriz Tapia Bravo,RT @GATITOSCHILENOS: #PlazaDeLaDignidad Ay√∫denme a que la justicia aplique la ley contra el maltrato animal A TODA PERSONA QUE VIVA EN CHIL‚Ä¶,Twitter for Android,2020-02-22 20:12:50,"Valpara√≠so, Chile"
55,Dolly Mancilla,RT @any_dbt: Hago m√≠as tambi√©n las palabras de @La_Labot ya que debemos cambiar √©sto y que s√≥lo personas responsables y con los recursos ne‚Ä¶,Twitter for Android,2020-02-22 20:00:31,
56,Hector Yakobi - Apruebo Nueva Constituci√≥n,RT @GATITOSCHILENOS: #PlazaDeLaDignidad Ay√∫denme a que la justicia aplique la ley contra el maltrato animal A TODA PERSONA QUE VIVA EN CHIL‚Ä¶,Twitter for Android,2020-02-22 19:59:11,"Maip√∫, Santiago de Chile"
57,Cristian Mac√≠as,"RT @GuadalajaraGob: Se aprob√≥ la iniciativa para la implementaci√≥n de campa√±as permanentes de sensibilizaci√≥n respecto al maltrato animal,‚Ä¶",Twitter for Android,2020-02-22 16:53:54,
58,Cs Alcobendas,"RT @mangelarranz: üêæCelebramos la jornada bienestar animal y fomento de la adopci√≥n
üê±Las mascotas son parte de nuestra familia y tenemos que‚Ä¶",Twitter for Android,2020-02-22 14:58:18,"Alcobendas, Madrid"
59,Jose Manuel,RT @GATITOSCHILENOS: Ay√∫denme a que la justicia aplique la ley contra el maltrato animal A TODA PERSONA QUE VIVA EN CHILE sin proteger a na‚Ä¶,Twitter for Android,2020-02-22 14:46:21,Chile
60,Jose Manuel,RT @GATITOSCHILENOS: #PlazaDeLaDignidad Ay√∫denme a que la justicia aplique la ley contra el maltrato animal A TODA PERSONA QUE VIVA EN CHIL‚Ä¶,Twitter for Android,2020-02-22 14:42:53,Chile
61,#lore y rechazo..,RT @GATITOSCHILENOS: #PlazaDeLaDignidad Ay√∫denme a que la justicia aplique la ley contra el maltrato animal A TODA PERSONA QUE VIVA EN CHIL‚Ä¶,Twitter for Android,2020-02-22 14:19:02,"via lactea, tercer planeta."
62,Miguel √Ångel Arranzüá™üá∏üá™üá∫üá´üá∑,"üêæCelebramos la jornada bienestar animal y fomento de la adopci√≥n
üê±Las mascotas son parte de nuestra familia y tenem‚Ä¶ https://t.co/lNtg8viV8q",Twitter for iPhone,2020-02-22 13:51:43,"Alcobendas, Espa√±a"
63,GatitosChilenos,#PlazaDeLaDignidad Ay√∫denme a que la justicia aplique la ley contra el maltrato animal A TODA PERSONA QUE VIVA EN C‚Ä¶ https://t.co/aj3idPJ5TH,Twitter for iPhone,2020-02-22 13:23:07,Santiago
64,GatitosChilenos,Ay√∫denme a que la justicia aplique la ley contra el maltrato animal A TODA PERSONA QUE VIVA EN CHILE sin proteger a‚Ä¶ https://t.co/TKcAWhBLvT,Twitter for iPhone,2020-02-22 13:21:32,Santiago
65,Camargo'S Boys,RT @Ondas1470: Jornada de adopci√≥n de mascotas se realizar√° este domingo en Ibagu√©. Este evento tendr√° lugar en el Centro Comercial Acqua q‚Ä¶,Twitter for iPhone,2020-02-22 12:57:22,
66,Pame Labot,RT @any_dbt: Hago m√≠as tambi√©n las palabras de @La_Labot ya que debemos cambiar √©sto y que s√≥lo personas responsables y con los recursos ne‚Ä¶,Twitter Web App,2020-02-22 12:40:28,Planeta Pitita
67,ONDAS DE IBAGU√â 1470,Jornada de adopci√≥n de mascotas se realizar√° este domingo en Ibagu√©. Este evento tendr√° lugar en el Centro Comercia‚Ä¶ https://t.co/MLXC2pug0T,Twitter Web App,2020-02-22 12:30:53,"Ibagu√©, Tolima"
68,AnyDBT,Hago m√≠as tambi√©n las palabras de @La_Labot ya que debemos cambiar √©sto y que s√≥lo personas responsables y con los‚Ä¶ https://t.co/ngxFXr5poZ,Twitter for Android,2020-02-22 12:16:47,
69,hiromy raymundo,"RT @GuadalajaraGob: Se aprob√≥ la iniciativa para la implementaci√≥n de campa√±as permanentes de sensibilizaci√≥n respecto al maltrato animal,‚Ä¶",Twitter for Android,2020-02-22 12:06:38,
70,Beatriz Mendez,"@AntonioAcuaPani Que indolencia y dureza de coraz√≥n  tienen las personas que abandonan a sus mascotas,  llev√°ndolos‚Ä¶ https://t.co/ZhSSj7DDfI",Twitter for Android,2020-02-22 08:00:21,Venezuela
71,victorgonzalearrambide,"RT @GuadalajaraGob: Se aprob√≥ la iniciativa para la implementaci√≥n de campa√±as permanentes de sensibilizaci√≥n respecto al maltrato animal,‚Ä¶",Twitter for iPhone,2020-02-22 06:56:14,
72,Vecinos Alcalde B,"RT @GuadalajaraGob: Se aprob√≥ la iniciativa para la implementaci√≥n de campa√±as permanentes de sensibilizaci√≥n respecto al maltrato animal,‚Ä¶",Twitter Web App,2020-02-22 06:51:24,"Guadalajara, Jalisco M√©xico"
73,Patricia Campos Alfaro,"RT @GuadalajaraGob: Se aprob√≥ la iniciativa para la implementaci√≥n de campa√±as permanentes de sensibilizaci√≥n respecto al maltrato animal,‚Ä¶",Twitter for iPhone,2020-02-22 04:28:23,"Guadalajara, Jalisco"
74,Gobierno de Guadalajara,Se aprob√≥ la iniciativa para la implementaci√≥n de campa√±as permanentes de sensibilizaci√≥n respecto al maltrato anim‚Ä¶ https://t.co/hGkyTXedTO,Socialbakers,2020-02-22 04:27:08,"Guadalajara, M√©x."
75,¬´~¬ß¬£¬•~¬ª,RT @Zuly_pty: Presidente @NitoCortizo x favor sancione la ley a favor de las mascotas y hagan hospitales veterinarios. No al maltrato anima‚Ä¶,Twitter Web App,2020-02-22 00:58:16,Panama
76,¬´~¬ß¬£¬•~¬ª,Presidente @NitoCortizo x favor sancione la ley a favor de las mascotas y hagan hospitales veterinarios. No al malt‚Ä¶ https://t.co/guH91ixQhA,Twitter Web App,2020-02-22 00:55:37,Panama
77,Laura Michel,"@Spartan_Bobby Por m√≠, que se lleven de corbata la vida chilanga. Pero te digo, a m√≠ me perdi√≥ Chespirito cuando pr‚Ä¶ https://t.co/IeDe3k5fGc",Twitter Web App,2020-02-21 23:22:03,"Zapopan, Jalisco, M√©xico"
78,Becca Villafa√±e,"@rossihenriquez No veo a nadie reclamando porque la se√±ora Rossi tiene un loro, que raro si a Richard Linares le re‚Ä¶ https://t.co/MgxrxTdGm5",Twitter Web App,2020-02-21 22:54:01,
79,Eban Anaya,"No puedo de verdad con la psicopatolog√≠a impl√≠cita en llamar, tratar y ver como hijos a las mascotas. 

MAIGOS atie‚Ä¶ https://t.co/FOwjgD6D2m",Twitter for Android,2020-02-21 17:16:20,Dark Side Of The Moon
80,Mabe,"@Charoli2015 Este cachorrito, traumado para toda la vida. Eso es maltrato psicol√≥gico animal Y lo digo en serio
 LA‚Ä¶ https://t.co/Vlrk9GdQ75",Twitter for Android,2020-02-21 11:04:30,
81,Irma Rebeca,"RT @SolDeCuernavaca: #ADestacar | Esta es la primera vez que el Tribunal emite la sentencia condenatoria, representando un logro en la luch‚Ä¶",Twitter for Android,2020-02-21 06:56:45,
82,aldama garcia,RT @Tlatoani_mx: #Mascotas Organizaciones y Asociaciones protectoras de animales realizar√°n en #Toluca una marcha el pr√≥ximo vienes 28 de f‚Ä¶,Twitter for Android,2020-02-21 03:47:34,
83,Batman,"RT @SolDeCuernavaca: #ADestacar | Esta es la primera vez que el Tribunal emite la sentencia condenatoria, representando un logro en la luch‚Ä¶",Twitter for Android,2020-02-21 03:11:08,
84,Maca T. Vergara,@Erwinfotografo @SitaDiamanda @PDI_CHILE Que terrible... entiendo que es su cultura y que en nuestra cultura son ma‚Ä¶ https://t.co/caHVQNFfRb,Twitter for Android,2020-02-21 02:14:13,"Vi√±a del Mar, Chile"
85,Miguel Angel Canepa,"Dejen de hacer tik toks con sus mascotas, los voy a denunciar por maltrato animal",Twitter for iPhone,2020-02-21 02:08:06,Mexico
86,LaPizzaPolitica¬Æ,RT @NatalyRendon6: @lapizzatequiere @LaPizzaPolitica Quiero un mundo con m√°s mascotas felices y menos violencia y narco https://t.co/Gzuech‚Ä¶,Twitter Web App,2020-02-23 20:15:18,
87,Nataly Rendon üíØ,@lapizzatequiere @LaPizzaPolitica Quiero un mundo con m√°s mascotas felices y menos violencia y narco https://t.co/Gzuechp1mJ,Twitter for Android,2020-02-23 20:13:54,
88,‚ôö,"RT @machucavegetale: Tratamos a ciertos animales con compasi√≥n y a otros con crueldad.

Hay alguna diferencia entre los animales que llamam‚Ä¶",Twitter for Android,2020-02-22 19:09:09,"Chaco, Argentina"
89,VALways #DaniLibertad,"RT @machucavegetale: Tratamos a ciertos animales con compasi√≥n y a otros con crueldad.

Hay alguna diferencia entre los animales que llamam‚Ä¶",Twitter Web App,2020-02-22 18:48:04,Earth
90,Luzbel Vbiqve,"RT @machucavegetale: Tratamos a ciertos animales con compasi√≥n y a otros con crueldad.

Hay alguna diferencia entre los animales que llamam‚Ä¶",Twitter Web App,2020-02-22 18:42:32,Spain
91,Machuca Vegetales „ÉÑ,"Tratamos a ciertos animales con compasi√≥n y a otros con crueldad.

Hay alguna diferencia entre los animales que lla‚Ä¶ https://t.co/C6MiKqigOo",Twitter for Android,2020-02-22 18:38:07,
92,lelayna üá™üá∏,"#INFANCIA #desamparo #miseria #MUJERES #violencia 
Un ni√±o da en adopci√≥n a su perro para que su padre no lo maltra‚Ä¶ https://t.co/9cFKnV2dpM",Twitter Web Client,2020-02-22 14:31:18,
93,Sherry del Campo,@dicesmx RESULTADOS EXCESIVA VIOLENCIA CERO CRECIMIENTO UN MEROLICO PERVERSO E IMBECIL Y SUS MASCOTAS QUE LE APLAUD‚Ä¶ https://t.co/rcCbEBOoru,Twitter for iPhone,2020-02-22 06:07:49,
94,Mar√≠a OM,"RT @nancy_gtl: Un coraje, q una causa de ya BASTA con la violencia contra la mujer la manera cruel d ser asesinadas y q por ello se est√° co‚Ä¶",Twitter for Android,2020-02-22 02:14:20,
95,Nancy GTL,"Un coraje, q una causa de ya BASTA con la violencia contra la mujer la manera cruel d ser asesinadas y q por ello s‚Ä¶ https://t.co/owM0pj1jkk",Twitter for Android,2020-02-22 01:29:35,
96,cris de la Rosa,"@A24COM de Rosas... Violencia es lo q vivimos SIN trabajo, sin saber si comprar comida para la mesa o para las masc‚Ä¶ https://t.co/is2U79IJZY",Twitter Web App,2020-02-21 22:36:36,
97,robertina,@pipe200331 @24HorasTVN Ese tipo no puede vivir aqu√≠ en chile no se debe aceptar ning√∫n tipo de violencia hacia nuestras mascotas,Twitter for iPhone,2020-02-21 21:26:38,
98,I'LENA,"Pi√±era condena ataque a estaci√≥n Los Quillayes del Metro: ‚ÄúLleg√≥ la hora de unir nuestras fuerzas, sin ninguna ambi‚Ä¶ https://t.co/v55vNvtM4D",Twitter Web App,2020-02-21 19:48:35,
99,maybe,"Mal por la violencia, pero en serio que con todo el desastre del microcentro, lo que le molesta a este inspector so‚Ä¶ https://t.co/uMXto569Ct",Twitter Web App,2020-02-21 14:05:22,"Asunci√≥n, Paraguay"
100,Roxi Toxic,"Lo sufrimos m√°s las mujeres...s√≠.
S√©  que los hombres acosan, y tambi√©n son acosados. La violencia es en general. ¬ø‚Ä¶ https://t.co/1gNt7UXKcC",Twitter for Android,2020-02-21 07:57:43,
101,#ElCacas,"RT @ElCacas19233194: @LuisaAlcalde Circo, circo, dramas noveleros, ElPigMenio al rescate. Tejan telones y lacrimones para seguir idiotizand‚Ä¶",Twitter for iPhone,2020-02-21 03:07:28,
102,#ElCacas,"@LuisaAlcalde Circo, circo, dramas noveleros, ElPigMenio al rescate. Tejan telones y lacrimones para seguir idiotiz‚Ä¶ https://t.co/iYEJOM7Gl1",Twitter for iPhone,2020-02-21 03:07:21,
103,GINA üéÄ,Pero si le arriendan a parejas donde dejan aguantar hambre a sus hijos y mascotas y fuera de eso viven en un caso d‚Ä¶ https://t.co/Gj5kgnQ4vS,Twitter for Android,2020-02-21 00:20:13,Soachaaa
104,Vi-Vot meztizo,"Neolibrealismo, patriarcado, machismo, violencia intrafamiliar, hasta maltrato  de mascotas, es parte de una misma‚Ä¶ https://t.co/9SuhJKZqyS",Twitter Web App,2020-02-20 22:09:04,
105,Esthefania Meraz,@edernerip @eduardorivera01 @carolamora75 @LuzRosilloM @Augustadrh @FatimaEspinaC @XimenaVJS @Lupitaarruba‚Ä¶ https://t.co/AGcU0myOWJ,Twitter for Android,2020-02-20 14:27:39,Puebla
106,Agustina,"@masazuleslaluz Me despierta la violencia leer que la gente regale las mascotas. No tienen un minimo de compasi√≥n. Empat√≠a, nada.",Twitter for Android,2020-02-20 10:14:09,
107,@massvf71,"F√≠jate Marianita,  que parte de lo que vivimos en el M√©xico es esta muestra, violencia y sa√±a entre los seres human‚Ä¶ https://t.co/LaN5mGLQ8P",Twitter for Android,2020-02-20 02:23:17,
108,Jos√©,"@luisrga @nanymendez @JuanBla43830863 @edoilustrado Esta excelente que el cuide y proteja a las ave, el problema ra‚Ä¶ https://t.co/rl3SxOzTsa",Twitter for iPhone,2020-02-19 01:26:25,EEUU
109,LaGente Piensa,"@DiputadosMorena @wzuloag CALLA MIERDA,
EL HECHO Q BIOLOGICAMENTE EL HOMBRE AYA NACIDO CON MAS FUERZA FISICA Q UNA‚Ä¶ https://t.co/ADotRixgsJ",Twitter Web App,2020-02-19 00:47:21,Lima - Peru - y el mundo
110,*KOALA,@Luana84473134 @GLORIABERNARDI1 Ya no como cerdo ya que son muy golpeados y son cada m√°s mascotas que no dan ganas‚Ä¶ https://t.co/LnwYObpHQr,Twitter Web App,2020-02-18 22:22:29,v region
111,Daniela Rivas,@Turkaret Es hora de voltear a nuestra casa y empezar ah√≠ el gran esfuerzo. En erradicar la violencia dom√©stica con‚Ä¶ https://t.co/2Ff7NqCn65,Twitter for Android,2020-02-18 19:28:04,M√©xico
112,PŒ±m·•±·•£Œ±,"RT @Noemi_214: @sandracula_ Est√° fatal, y he visto a personas hacer lo mismo a sus hijos cuando se portan mal, a sus mascotas, a los mayore‚Ä¶",Twitter for Android,2020-02-18 18:38:11,En el fracaso.
113,Ari #FemXarxa üéóüå±,"RT @ClamorDLibertad: @Sminguillon @Xuxipc S√≠, animales que han padecido violencia en la calle y se encuentran en estado de vulnerabilidad,‚Ä¶",Twitter for Android,2020-02-18 18:02:24,Rep√∫blica de Catalunya
114,Di√°logos en Confianz,"RT @ReikiAlinGG: @DialogosCanal11 @Macrisjauregui @CanalOnceTV Una serie de factores en conjunto, son los creadores de la violencia: intern‚Ä¶",Twitter for Android,2020-02-18 16:12:00,"M√©xico, D.F."
115,Alin Goch√© G,"@DialogosCanal11 @Macrisjauregui @CanalOnceTV Una serie de factores en conjunto, son los creadores de la violencia:‚Ä¶ https://t.co/2ixowNpjlO",Twitter for Android,2020-02-18 16:06:58,
116,MAPS,"Eres un enchufado de closet, aupador de violencia contra la mujer, usas a los animales salvajes como mascotas dom√©s‚Ä¶ https://t.co/Ksee6BsaXS",Twitter for Android,2020-02-18 14:23:15,caracas
117,JC Cavazzon,"En un pa√≠s donde hay hiperinflaci√≥n, armas en la calle con tintes de una guerra civil, violencia campal, emigraci√≥n‚Ä¶ https://t.co/uoNIJFqfva",Twitter for Android,2020-02-18 11:03:50,BCN
118,badCü¶ã,"No solo la mujer es el blanco para un psicopata,en este pa√≠s que es m√©xico y aunque nos duela decirlo cada d√≠a es m‚Ä¶ https://t.co/8HUJ46SiX2",Twitter for iPhone,2020-02-18 05:38:58,"Monterrey, Nuevo Le√≥n Mexico"
119,mynameisMAX ‚Å∑‚ú®ùï∞ùñåùñî,"RT @Noemi_214: @sandracula_ Est√° fatal, y he visto a personas hacer lo mismo a sus hijos cuando se portan mal, a sus mascotas, a los mayore‚Ä¶",Twitter for Android,2020-02-18 02:56:06,
120,ùêçùê¢ùêúùê®ùê•ùêû,"RT @Noemi_214: @sandracula_ Est√° fatal, y he visto a personas hacer lo mismo a sus hijos cuando se portan mal, a sus mascotas, a los mayore‚Ä¶",Twitter for iPhone,2020-02-18 00:57:42,
121,Capital,"üê∂üê±| Cuando las mascotas son v√≠ctimas de violencia familiar: ¬øQu√© hacer? 

üéôÔ∏è #VeterinariaCapital con @panchocavero1‚Ä¶ https://t.co/QnmGW6MkLZ",Twitter Web App,2020-02-17 21:40:27,"Lima, Peru"
122,üòªüòªV.A.L.E.üòªüòª,"@AndreaChavezTre La Emergencia Nacional no es exclusiva de las  mujeres, creo que hacemos muy mal en clasificar la‚Ä¶ https://t.co/C4GYNjmtpm",Twitter for Android,2020-02-17 20:51:54,
123,Ÿã,"cuando no los pod√≠a amar mas, en cada show ponen unas mesas para que los fans lleven donaciones para una organizaci‚Ä¶ https://t.co/6rPJPuLQQY",Twitter for iPhone,2020-02-17 20:03:42,selenation
124,"chalio Siles. ,","@Jackie2theworld Siempre se supo JACKIE , √©ste imbecil nunca har√° nada para detener la violencia, pretende perpetua‚Ä¶ https://t.co/V4VSjy1wkU",Twitter for Android,2020-02-17 16:39:41,cdmx
125,ü¶ãNOEMIü¶ã,"@sandracula_ Est√° fatal, y he visto a personas hacer lo mismo a sus hijos cuando se portan mal, a sus mascotas, a l‚Ä¶ https://t.co/r90zzdmWcp",Twitter for iPhone,2020-02-17 14:53:45,
126,m‚òÄÔ∏ènsandayüíú,"@elmotorpsico Mir√° amo mis mascotas y detesto la violencia de todo tipo hacia los humanos, llamese golpes, maltrato‚Ä¶ https://t.co/RmdDmrivtZ",Twitter for Android,2020-02-17 14:41:54,
127,Emma Toro,Primera vez que o√≠go hablar de ese tal linares y anoche un amigo mencion√≥ a v senior. Las guacamayas no son mascota‚Ä¶ https://t.co/9HIVGrJJVm,Twitter Web App,2020-02-17 13:12:39,"√úT: 10.512768,-66.910637"
128,Kame Garc√≠a,"RT @jonmorpad: @alexisantos4 @jorge_macias_m @GlodeJo07 Jajajaja es incre√≠ble que el presidente, de todo lo que declara, necesita que sus m‚Ä¶",Twitter for Android,2020-02-17 12:47:21,
129,Andrea Garc√≠a‚ô£,"Todo mal, violencia, acoso, incitaci√≥n al suicidio.

Ver estas cosas me entristece demasiado.

Y lo peor es que la‚Ä¶ https://t.co/bnGBc2eoF2",Twitter for Android,2020-02-17 03:21:24,"San Crist√≥bal, Edo. T√°chira"
130,Jorge Mac√≠as,"RT @jonmorpad: @alexisantos4 @jorge_macias_m @GlodeJo07 Jajajaja es incre√≠ble que el presidente, de todo lo que declara, necesita que sus m‚Ä¶",Twitter Web App,2020-02-17 01:22:31,"Guadalajara, Jalisco"
131,Jonathan Moreno,"@alexisantos4 @jorge_macias_m @GlodeJo07 Jajajaja es incre√≠ble que el presidente, de todo lo que declara, necesita‚Ä¶ https://t.co/8dFDbRoMu5",Twitter for iPhone,2020-02-17 01:21:59,
132,M√≥nica Sifontes,@PamCerdeira Exacto le tiene miedo a la realidad de mexico y su violencia q el claramente no es capaz de resolver p‚Ä¶ https://t.co/MEFb6YFHrb,Twitter Web App,2020-02-17 00:58:37,
133,Sof√≠a Dumat | CLAMOR DE LIBERTAD,"@Sminguillon @Xuxipc S√≠, animales que han padecido violencia en la calle y se encuentran en estado de vulnerabilida‚Ä¶ https://t.co/HFH4XtDQE9",Twitter for iPhone,2020-02-16 18:07:23,M√©xico
134,Edith Vel√°zquez,@rmponti De los niveles de irresponsabilidad con las mascotas este es el peor. (Y ni hablar de los niveles de descu‚Ä¶ https://t.co/PlLI9piV5h,Twitter for Android,2020-02-16 17:53:39,"Guanajuato, M√©xico"
135,Comendatore,"Querellate por violencia intra familiar y adem√°s por da√±o moral permanente, pide la tuici√≥n de tus hijos y mascotas‚Ä¶ https://t.co/bawgmNd5iE",Twitter for Android,2020-02-16 11:55:11,
136,Patricia Palafox,"RT @Citlallixochitl: @dipjm VIOLENCIA ES VIOLENCIA VENGA DE QUIEN VENGA, LA RECIBA QUIEN LA RECIBA.Eduquemos a nuestros hijos(as) en respet‚Ä¶",Twitter for Android,2020-02-16 09:56:30,
137,Erika Pineda,"RT @valdemarfloree: @GlodeJo07 No le distraigan a sus mascotas con muertes y violencia , lo importante es que los empresarios le van a paga‚Ä¶",Twitter for Android,2020-02-16 06:54:54,Cd.Mex / Marbella
138,Katiuska,"@dipjm VIOLENCIA ES VIOLENCIA VENGA DE QUIEN VENGA, LA RECIBA QUIEN LA RECIBA.Eduquemos a nuestros hijos(as) en res‚Ä¶ https://t.co/8iFnsLcjFV",Twitter for Android,2020-02-15 23:53:38,M√©xico
139,Maicol Caballero,Hoy no estamos frente a orgullosas luchadoras y activistas sociales @CitlaHM son #supremacistas #neonazis mejor con‚Ä¶ https://t.co/qW68ExSN8n,Twitter for Android,2020-02-15 05:05:30,Donde menos te imagines ... MX
140,burticio,@zuritacarpio @ElJulesOlivar @lorenzocoronar Vaya.. Alguien progre usando la violencia sexual como forma de victori‚Ä¶ https://t.co/wQ5RjoeCtn,Twitter for Android,2020-02-14 21:39:07,"Le√≥n, Gto"
141,Valdemarflores,"@GlodeJo07 No le distraigan a sus mascotas con muertes y violencia , lo importante es que los empresarios le van a‚Ä¶ https://t.co/HSXe2AiLwH",Twitter for Android,2020-02-14 17:30:06,
142,Iten Mario Mendoza,"Zacatito pal conejo! #ElReyCacas sabe que con las feministas no le conviene meterse, r√°pido arm√≥ su dec√°logo contra‚Ä¶ https://t.co/uJ2OFjO7no",Twitter for Android,2020-02-14 16:32:08,TGZ
143,Rolo,RT @MascotaGob: ¬°No al maltrato animalüö´! Un proyecto de educaci√≥n que financia la Municipalidad de Peralillo en colaboraci√≥n con el Program‚Ä¶,Twitter for iPhone,2020-02-14 06:12:20,
